{"flag":"SBDoc","info":{"name":"素质评定","description":""},"global":{"baseurl":[{"url":"http://******/","remark":""}],"before":"","after":"","article":[],"status":[],"template":[]},"data":[{"name":"#回收站","type":1,"id":"67766ff0-4fb9-11e9-82e9-ad6b4117eafc","data":[{"param":[{"before":{"mode":0,"code":""},"after":{"mode":0,"code":""},"name":"参数","id":"53c84692-2b1a-4830-922d-0e41ca6c601c","remark":"","header":[],"queryParam":[],"outParam":[],"outInfo":{"type":0,"rawRemark":"","rawMock":"","jsonType":0},"restParam":[],"example":[]}],"finish":0,"sort":0,"name":"afa","url":"/test","remark":"","method":"GET","id":"4f011610-50fd-11e9-be4c-0184e407818b"}]},{"name":"全局设置模块","type":0,"id":"212042d0-5057-11e9-be4c-0184e407818b","data":[{"param":[{"before":{"mode":0,"code":""},"after":{"mode":0,"code":""},"name":"参数","id":"0abdae7b-fa33-4b0d-af41-774d13ecf5b4","remark":"","header":[{"name":"Content-Type","value":"application/json","remark":""}],"queryParam":[],"bodyParam":[],"bodyInfo":{"type":1,"rawType":2,"rawTextRemark":"","rawFileRemark":"","rawText":"","rawJSONType":0,"rawJSON":[{"name":"id","must":0,"type":0,"remark":"类目id","mock":"303BCCB46A3A44DAA69C1851C876B7C7","drag":1,"show":0,"value":{"type":0,"status":"","data":[{"value":"303BCCB46A3A44DAA69C1851C876B7C7","remark":""}]}},{"name":"rankItems","must":1,"type":3,"remark":"等第项","data":[{"name":null,"must":1,"type":0,"remark":"","mock":"A","drag":1,"show":0,"value":{"type":0,"status":"","data":[{"value":"A","remark":""}]}},{"name":null,"must":1,"type":0,"remark":"","mock":"B","drag":1,"show":0,"value":{"type":0,"status":"","data":[{"value":"B","remark":""}]}},{"name":null,"must":1,"type":0,"remark":"","mock":"C","drag":1,"show":0,"value":{"type":0,"status":"","data":[{"value":"C","remark":""}]}},{"name":null,"must":1,"type":0,"remark":"","mock":"D","drag":1,"show":0,"value":{"type":0,"status":"","data":[{"value":"D","remark":""}]}}],"mock":"","drag":1,"show":0},{"name":"rankValues","must":1,"type":3,"remark":"等地对应值","data":[{"name":null,"must":1,"type":0,"remark":"","mock":"4","drag":1,"show":0,"value":{"type":0,"status":"","data":[{"value":"4","remark":""}]}},{"name":null,"must":1,"type":0,"remark":"","mock":"3","drag":1,"show":0,"value":{"type":0,"status":"","data":[{"value":"3","remark":""}]}},{"name":null,"must":1,"type":0,"remark":"","mock":"2","drag":1,"show":0,"value":{"type":0,"status":"","data":[{"value":"2","remark":""}]}},{"name":null,"must":1,"type":0,"remark":"","mock":"1","drag":1,"show":0,"value":{"type":0,"status":"","data":[{"value":"1","remark":""}]}}],"mock":"","drag":1,"show":0},{"name":"inputValueType","must":1,"type":0,"remark":"评价录入形式","mock":"1","drag":1,"show":0,"value":{"type":0,"status":"","data":[{"value":"1","remark":""}]}},{"name":"InputTypes","must":1,"type":3,"remark":"录入人类型","data":[{"name":null,"must":1,"type":0,"remark":"","mock":"1","drag":1,"show":0,"value":{"type":0,"status":"","data":[{"value":"1","remark":""}]}},{"name":null,"must":1,"type":0,"remark":"","mock":"2","drag":1,"show":0,"value":{"type":0,"status":"","data":[{"value":"2","remark":""}]}}],"mock":"","drag":1,"show":0},{"name":"auditorypes","must":1,"type":3,"remark":"审核人类型","data":[{"name":null,"must":1,"type":0,"remark":"","mock":"2","drag":1,"show":0,"value":{"type":0,"status":"","data":[{"value":"2","remark":""}]}}],"mock":"","drag":1,"show":0},{"name":"scoreScopes","must":1,"type":3,"remark":"平均分范围","data":[{"name":null,"must":1,"type":0,"remark":"","mock":"3.6-5","drag":1,"show":0,"value":{"type":0,"status":"","data":[{"value":"3.6-5","remark":""}]}},{"name":null,"must":1,"type":0,"remark":"","mock":"1.8-3.6","drag":1,"show":0,"value":{"type":0,"status":"","data":[{"value":"1.8-3.6","remark":""}]}},{"name":null,"must":1,"type":0,"remark":"","mock":"1.2-1.8","drag":1,"show":0,"value":{"type":0,"status":"","data":[{"value":"1.2-1.8","remark":""}]}},{"name":null,"must":1,"type":0,"remark":"","mock":"0-1.2","drag":1,"show":0,"value":{"type":0,"status":"","data":[{"value":"0-1.2","remark":""}]}}],"mock":"","drag":1,"show":0}]},"outParam":[{"name":"code","type":0,"remark":"状态码","must":0,"mock":"200"},{"name":"msg","type":0,"remark":"信息","must":1,"mock":"保存成功"}],"outInfo":{"type":0,"rawRemark":"","rawMock":"","jsonType":0},"restParam":[],"example":[]}],"finish":0,"sort":0,"name":"全局设置保存","url":"/diathesis/setting/saveGlobal","remark":"","method":"POST","id":"bee85350-5060-11e9-be4c-0184e407818b"},{"param":[{"before":{"mode":0,"code":""},"after":{"mode":0,"code":""},"name":"参数","id":"26645eed-e9fe-410c-9d47-baa15710c4e3","remark":"","header":[],"queryParam":[{"name":"unitId","must":1,"remark":"单位id"}],"outParam":[{"name":"id","type":0,"remark":"类目id","must":1,"mock":"“903BCCB46A3A44DAA69C1851C876B7C7”"},{"name":"rankItems","type":3,"remark":"等第项","must":0,"mock":"[\"A\",\"B\",\"C\",\"D\"]","data":[{"name":null,"type":0,"remark":"自定义","must":1,"mock":""},{"name":null,"type":0,"remark":"自定义","must":1,"mock":""}]},{"name":"rankValues","type":3,"remark":"等地对应值","must":0,"mock":"[\"4\",\"3\",\"2\",\"1\"]","data":[{"name":null,"type":0,"remark":"自定义","must":1,"mock":""},{"name":null,"type":0,"remark":"自定义","must":1,"mock":""}]},{"name":"inputValueType","type":0,"remark":"评价录入形式","must":0,"mock":"“1”"},{"name":"inputValueMap","type":5,"remark":"评价录入形式Map","must":0,"mock":"{\"0\":\"等第\",\"1\":\"分值\"}"},{"name":"InputTypes","type":3,"remark":"录入人类型","must":0,"mock":"[\"1\",\"2\"]","data":[]},{"name":"auditorypes","type":3,"remark":"审核人类型","must":0,"mock":"[\"1\",\"2\"]","data":[]},{"name":"peopleMap","type":5,"remark":"录入人,审核人类型map","must":0,"mock":"{\"0\":\"学生本人\",\"1\":\"班主任\",\"2\":\"年级组长\"}"},{"name":"scoreScopes","type":3,"remark":"平均分范围","must":0,"mock":"[\"3.6-5\",\"1.8-3.6\",\"1.2-1.8\",\"0-1.2\"]","data":[]}],"outInfo":{"type":0,"rawRemark":"","rawMock":"","jsonType":0},"restParam":[],"example":[]}],"finish":0,"sort":0,"name":"查询单位全局设置","url":"/diathesis/setting/findGlobal","remark":"查询单位的全局设置数据","method":"GET","id":"7ffd8a10-5057-11e9-be4c-0184e407818b"}]},{"name":"写实记录模块","type":0,"id":"a62d1ff0-4fb9-11e9-82e9-ad6b4117eafc","data":[{"param":[{"before":{"mode":0,"code":""},"after":{"mode":0,"code":""},"name":"参数","id":"dcb31a69-e074-49d4-8304-c7fb902999fb","remark":"","header":[{"name":"Content-Type","value":"application/json","remark":""}],"queryParam":[],"bodyParam":[],"bodyInfo":{"type":1,"rawType":2,"rawTextRemark":"","rawFileRemark":"","rawText":"","rawJSON":[{"name":"id","must":0,"type":0,"remark":"记录id","mock":"2C9A3ADA9BA94ED98E105A4DC175520B","drag":1,"show":0,"value":{"type":0,"status":"","data":[{"value":"2C9A3ADA9BA94ED98E105A4DC175520B","remark":""}]}},{"name":"projectId","must":1,"type":0,"remark":"项目id","mock":"30317D5F9B664510A3E48568C3302498","drag":1,"show":0,"value":{"type":0,"status":"","data":[{"value":"30317D5F9B664510A3E48568C3302498","remark":""}]}},{"name":"stuId","must":1,"type":0,"remark":"学生id","mock":"ED7BA320E64E4D40A3D5D9DC8868BF43","drag":1,"show":0,"value":{"type":0,"status":"","data":[{"value":"ED7BA320E64E4D40A3D5D9DC8868BF43","remark":""}]}},{"name":"recordInfoList","must":1,"type":3,"remark":"扩展列表","data":[{"name":null,"must":1,"type":4,"remark":"自定义字段key-value","data":[{"name":"id","must":1,"type":0,"remark":"key","mock":"B1D632AA643448C09B8FE33FA1D4F46A","drag":1,"show":0,"value":{"type":0,"status":"","data":[{"value":"B1D632AA643448C09B8FE33FA1D4F46A","remark":""}]}},{"name":"contentTxt","must":1,"type":0,"remark":"value","mock":"数学奥赛","drag":1,"show":0,"value":{"type":0,"status":"","data":[{"value":"数学奥赛","remark":""}]}}],"mock":"","drag":1,"show":0},{"name":null,"must":1,"type":4,"remark":"自定义字段key-value","data":[{"name":"id","must":1,"type":0,"remark":"key","mock":"F731E9B612A347C89B30970FE475EF33","drag":1,"show":0,"value":{"type":0,"status":"","data":[{"value":"F731E9B612A347C89B30970FE475EF33","remark":""}]}},{"name":"contentTxt","must":1,"type":0,"remark":"value","mock":"BAC323BA49F14E69A9DF4D8AC6AFB432","drag":1,"show":0,"value":{"type":0,"status":"","data":[{"value":"BAC323BA49F14E69A9DF4D8AC6AFB432","remark":""}]}}],"mock":"","drag":1,"show":0}],"mock":"","drag":1,"show":0}],"rawJSONType":0},"outParam":[{"name":"code","type":0,"remark":"状态码","must":1,"mock":"-1"},{"name":"msg","type":0,"remark":"返回的信息","must":1,"mock":"保存失败"}],"outInfo":{"type":0,"rawRemark":"","rawMock":"","jsonType":0},"restParam":[],"example":[]}],"finish":0,"sort":0,"name":"保存写实记录","url":"/diathesis/saveRecord","remark":"","method":"POST","id":"a150a750-503f-11e9-be4c-0184e407818b"},{"param":[{"before":{"mode":0,"code":""},"after":{"mode":0,"code":""},"name":"参数","id":"e038123d-bd84-4c0c-9d9d-0d650845aed1","remark":"","header":[{"name":"Content-Type","value":"application/x-www-form-urlencoded","remark":""}],"queryParam":[],"bodyParam":[{"name":"ids","type":0,"must":1,"remark":"写实记录id，多条以逗号相隔"}],"bodyInfo":{"type":0,"rawType":0,"rawTextRemark":"","rawFileRemark":"","rawText":""},"outParam":[{"name":"code","type":0,"remark":"状态码","must":1,"mock":"0"},{"name":"msg","type":0,"remark":"返回的信息","must":1,"mock":"删除成功"}],"outInfo":{"type":0,"rawRemark":"","rawMock":"","jsonType":0},"restParam":[],"example":[]}],"finish":0,"sort":0,"name":"删除写实记录","url":"/diathesis/deleteRecord","remark":"","method":"POST","id":"7ebfede0-503f-11e9-be4c-0184e407818b"},{"param":[{"before":{"mode":0,"code":""},"after":{"mode":0,"code":""},"name":"参数","id":"920846da-42c2-49d5-8a13-ec3315293303","remark":"","header":[{"name":"Content-Type","value":"application/x-www-form-urlencoded","remark":""}],"queryParam":[],"bodyParam":[{"name":"ids","type":0,"must":1,"remark":"写实记录id,多条以逗号分隔"},{"name":"status","type":0,"must":1,"remark":"1代表通过，2代表不通过"}],"bodyInfo":{"type":0,"rawType":0,"rawTextRemark":"","rawFileRemark":"","rawText":""},"outParam":[{"name":"code","type":0,"remark":"状态码","must":1,"mock":"-1"},{"name":"msg","type":0,"remark":"返回的信息","must":1,"mock":"审核成功"}],"outInfo":{"type":0,"rawRemark":"","rawMock":"","jsonType":0},"restParam":[],"example":[]}],"finish":0,"sort":0,"name":"审核写实记录","url":"/diathesis/updateRecordStatus","remark":"","method":"POST","id":"05a73010-5041-11e9-be4c-0184e407818b"},{"param":[{"before":{"mode":0,"code":""},"after":{"mode":0,"code":""},"name":"参数","id":"d8d3a5c1-e782-498a-acf3-cc45652ee65d","remark":"","header":[],"queryParam":[{"name":"projectId","must":1,"remark":"项目id"},{"name":"gradeId","type":0,"must":0,"remark":"年级id"},{"name":"classId","type":0,"must":0,"remark":"班级id"},{"name":"status","type":0,"must":0,"remark":"审核状态，0—未审核，1—审核通过，2—审核不通过"}],"outParam":[{"name":"structureList","type":3,"remark":"在标题中显示的自定义字段集合","must":1,"mock":"","data":[{"name":null,"type":4,"remark":"自定义字段1","must":1,"mock":"","data":[{"name":"id","type":0,"remark":"自定义字段id","must":1,"mock":"B1D632AA643448C09B8FE33FA1D4F46A"},{"name":"title","type":0,"remark":"自定义字段名称","must":1,"mock":"活动名称"}]},{"name":null,"type":4,"remark":"自定义字段2","must":1,"mock":"","data":[{"name":"id","type":0,"remark":"自定义字段id","must":1,"mock":"F731E9B612A347C89B30970FE475EF33"},{"name":"title","type":0,"remark":"自定义字段名称","must":1,"mock":"奖项"}]}]},{"name":"recordList","type":3,"remark":"写实记录集合","must":1,"mock":"","data":[{"name":null,"type":4,"remark":"写实记录1","must":1,"mock":"","data":[{"name":"id","type":0,"remark":"记录id","must":1,"mock":"62FA32B72F6340DAB835436B82F89BAD"},{"name":"stuId","type":0,"remark":"学生id","must":1,"mock":"ED7BA320E64E4D40A3D5D9DC8868BF43"},{"name":"stuName","type":0,"remark":"学生姓名","must":1,"mock":"朱志明"},{"name":"className","type":0,"remark":"班级名称","must":1,"mock":"高一(1) 班"},{"name":"creationTime","type":0,"remark":"录入时间","must":1,"mock":"2015 - 10 - 10"},{"name":"operator","type":0,"remark":"录入人","must":1,"mock":"孙老师"},{"name":"status","type":0,"remark":"审核状态","must":1,"mock":"1"},{"name":"auditTime","type":0,"remark":"审核时间","must":1,"mock":"2015 - 10 - 16"},{"name":"auditor","type":0,"remark":"审核人","must":1,"mock":"管理员"},{"name":"recordInfoMap","type":4,"remark":"自定义字段key-value","must":1,"mock":"","data":[{"name":"B1D632AA643448C09B8FE33FA1D4F46A","type":0,"remark":"自定义字段1key-value","must":1,"mock":"数学奥赛"},{"name":"F731E9B612A347C89B30970FE475EF33","type":0,"remark":"自定义字段2key-value","must":1,"mock":"一等奖"}]}]},{"name":null,"type":4,"remark":"写实记录2","must":1,"mock":"","data":[{"name":"id","type":0,"remark":"写实记录id","must":1,"mock":"4D9EB09903794B7AA21D03F0AE4A42D6"},{"name":"stuId","type":0,"remark":"学生id","must":1,"mock":"DA9FF9223DA9406CBF45744A6E4C4AFE"},{"name":"stuName","type":0,"remark":"学生姓名","must":1,"mock":"肖慧君"},{"name":"className","type":0,"remark":"班级名称","must":1,"mock":"高一(2) 班"},{"name":"creationTime","type":0,"remark":"录入时间","must":1,"mock":"2015 - 10 - 10"},{"name":"operator","type":0,"remark":"录入人","must":1,"mock":"孙老师"},{"name":"status","type":0,"remark":"审核状态","must":1,"mock":"0"},{"name":"auditTime","type":0,"remark":"审核时间","must":1,"mock":"2015 - 10 - 16"},{"name":"auditor","type":0,"remark":"审核人","must":1,"mock":"管理员"},{"name":"recordInfoMap ","type":4,"remark":"自定义字段key-value","must":1,"mock":"","data":[{"name":"B1D632AA643448C09B8FE33FA1D4F46A","type":0,"remark":"自定义字段1key-value","must":1,"mock":"征文比赛"},{"name":"F731E9B612A347C89B30970FE475EF33","type":0,"remark":"自定义字段2key-value","must":1,"mock":"三等奖"}]}]}]}],"outInfo":{"type":0,"rawRemark":"","rawMock":"","jsonType":0},"restParam":[],"example":[]}],"finish":0,"sort":0,"name":"查询写实记录列表","url":"/diathesis/getRecordList","remark":"","method":"GET","id":"df98f760-503a-11e9-be4c-0184e407818b"},{"param":[{"before":{"mode":0,"code":""},"after":{"mode":0,"code":""},"name":"参数","id":"76b91dbb-2dd4-453c-8e43-806d888ef122","remark":"","header":[],"queryParam":[{"name":"id","must":1,"remark":"写实记录id"}],"outParam":[{"name":"id","type":0,"remark":"写实记录id","must":0,"mock":"2C9A3ADA9BA94ED98E105A4DC175520B"},{"name":"projectId","type":0,"remark":"项目id","must":1,"mock":"30317D5F9B664510A3E48568C3302498"},{"name":"projectName","type":0,"remark":"项目名称","must":1,"mock":"思想品德-志愿服务"},{"name":"stuId","type":0,"remark":"学生id","must":1,"mock":"ED7BA320E64E4D40A3D5D9DC8868BF43"},{"name":"stuName","type":0,"remark":"学生姓名","must":1,"mock":"朱志明"},{"name":"recordInfoList","type":3,"remark":"自定义字段key-value","must":1,"mock":"","data":[{"name":null,"type":4,"remark":"自定义字段1","must":1,"mock":"","data":[{"name":"id","type":0,"remark":"扩展表id","must":0,"mock":"B1D632AA643448C09B8FE33FA1D4F46A"},{"name":"title","type":0,"remark":"自定义字段名称","must":1,"mock":"活动名称"},{"name":"dataType","type":0,"remark":"自定义字段类型，1—文本，2—单选，3—多选，4—附件","must":1,"mock":"1"},{"name":"contentTxt","type":0,"remark":"自定义字段数据库的值","must":1,"mock":"数学奥赛"},{"name":"resultTxt","type":0,"remark":"自定义字段实际展示值","must":1,"mock":"数学奥赛"},{"name":"optionList","type":3,"remark":"选项集合","must":1,"mock":"","data":[]}]},{"name":null,"type":4,"remark":"自定义字段2","must":1,"mock":"","data":[{"name":"id","type":0,"remark":"扩展表id","must":1,"mock":"F731E9B612A347C89B30970FE475EF33"},{"name":"title","type":0,"remark":"自定义字段名称","must":1,"mock":"奖项"},{"name":"dataType","type":0,"remark":"自定义字段类型，1—文本，2—单选，3—多选，4—附件","must":1,"mock":"2"},{"name":"contentTxt","type":0,"remark":"自定义字段数据库的值","must":1,"mock":"BAC323BA49F14E69A9DF4D8AC6AFB432"},{"name":"resultTxt","type":0,"remark":"自定义字段实际展示值","must":1,"mock":"一等奖"},{"name":"optionList","type":3,"remark":"选项集合","must":1,"mock":"","data":[{"name":null,"type":4,"remark":"选项key-value","must":1,"mock":"","data":[{"name":"id","type":0,"remark":"key","must":1,"mock":"BAC323BA49F14E69A9DF4D8AC6AFB432"},{"name":"contentTxt","type":0,"remark":"value","must":1,"mock":"一等奖"}]},{"name":null,"type":4,"remark":"选项key-value","must":1,"mock":"","data":[{"name":"id","type":0,"remark":"key","must":1,"mock":"8C5B03D0958649EF8EB32ADC2D4B5249"},{"name":"contentTxt","type":0,"remark":"value","must":1,"mock":"二等奖"}]}]}]}]}],"outInfo":{"type":0,"rawRemark":"","rawMock":"","jsonType":0},"restParam":[],"example":[]}],"finish":0,"sort":0,"name":"查询单条写实记录","url":"/diathesis/getRecord","remark":"","method":"GET","id":"81c55b20-503e-11e9-be4c-0184e407818b"},{"param":[{"before":{"mode":0,"code":""},"after":{"mode":0,"code":""},"name":"参数","id":"90e09268-a61c-4104-b525-e9e2f41650a2","remark":"","header":[],"queryParam":[{"name":"showStatus","must":1,"remark":"是否显示审核状态，1为显示，0为不显示"}],"outParam":[{"name":null,"type":4,"remark":"类目1","must":1,"mock":"","data":[{"name":"id","type":0,"remark":"类目id","must":1,"mock":"303BCCB46A3A44DAA69C1851C876B7C7"},{"name":"projectName","type":0,"remark":"类目名称","must":1,"mock":"思想品德"},{"name":"status","type":0,"remark":"是否已全部审核，1—全部已审核，0—存在未审核","must":1,"mock":"1"},{"name":"childList","type":3,"remark":"项目集合","must":1,"mock":"","data":[{"name":null,"type":4,"remark":"项目1","must":1,"mock":"","data":[{"name":"id","type":0,"remark":"项目id","must":1,"mock":"303BCCB46A3A44DAA69C1851C876B7C7"},{"name":"projectName","type":0,"remark":"项目名称","must":1,"mock":"党团活动"},{"name":"status","type":0,"remark":"是否已全部审核，1—全部已审核，0—存在未审核","must":1,"mock":"1"}]},{"name":null,"type":4,"remark":"项目2","must":1,"mock":"","data":[{"name":"id","type":0,"remark":"项目id","must":1,"mock":"303BCCB46A3A44DAA69C1851C876B7C7"},{"name":"projectName","type":0,"remark":"项目名称","must":1,"mock":"志愿服务"},{"name":"status","type":0,"remark":"是否已全部审核，1—全部已审核，0—存在未审核","must":1,"mock":"1"}]}]}]}],"outInfo":{"type":0,"rawRemark":"","rawMock":"","jsonType":1},"restParam":[],"example":[]}],"finish":0,"sort":0,"name":"查询类目列表","url":"/diathesis/getProjectList","remark":"","method":"GET","id":"ea560200-4fb9-11e9-82e9-ad6b4117eafc"}]},{"name":"学业水平录入","type":0,"id":"91312b10-505d-11e9-be4c-0184e407818b","data":[{"param":[{"before":{"mode":0,"code":""},"after":{"mode":0,"code":""},"name":"参数","id":"9d815e1e-7f22-4678-b6e1-2c9dea71f008","remark":"","header":[{"name":"Content-Type","value":"application/json","remark":""}],"queryParam":[],"outParam":[{"name":"gradeList","type":4,"remark":"年级学业水平列表","must":1,"mock":"","data":[{"name":"gradeId","type":0,"remark":"年级ID","must":1,"mock":""},{"name":"gradeName","type":0,"remark":"年级名称","must":1,"mock":""},{"name":"level","type":0,"remark":"年级级别","must":1,"mock":""},{"name":"scholasticList","type":4,"remark":"","must":1,"mock":"","data":[{"name":"scholasticId","type":0,"remark":"学业水平ID","must":1,"mock":""},{"name":"scholasticName","type":0,"remark":"学业水平名称","must":1,"mock":""},{"name":"importTime","type":0,"remark":"导入时间","must":1,"mock":""}]}]}],"outInfo":{"type":0,"rawRemark":"","rawMock":"","jsonType":0},"restParam":[],"example":[]}],"finish":0,"sort":0,"name":"学业水平年级列表","url":"/diathesis/scholastic/grade","remark":"","method":"GET","id":"a0190420-505f-11e9-be4c-0184e407818b"},{"param":[{"before":{"mode":0,"code":""},"after":{"mode":0,"code":""},"name":"参数","id":"8b3924f8-2f20-4d87-936f-6a0fe478c968","remark":"","header":[],"queryParam":[{"name":"gradeId","must":0,"remark":""}],"outParam":[{"name":"classList","type":4,"remark":"","must":0,"mock":"","data":[{"name":"classId","type":0,"remark":"班级ID","must":1,"mock":""},{"name":"className","type":0,"remark":"班级名称","must":1,"mock":""}]},{"name":"scholasticList","type":4,"remark":"","must":1,"mock":"","data":[{"name":"scholasticId","type":0,"remark":"成绩ID","must":1,"mock":""},{"name":"scholasticName","type":0,"remark":"成绩名称","must":1,"mock":""}]}],"outInfo":{"type":0,"rawRemark":"","rawMock":"","jsonType":0},"restParam":[],"example":[]}],"finish":0,"sort":0,"name":"获取成绩以及班级列表","url":"/diathesis/scholastic/detail","remark":"","method":"GET","id":"04cb0870-5063-11e9-be4c-0184e407818b"},{"param":[{"before":{"mode":0,"code":""},"after":{"mode":0,"code":""},"name":"参数","id":"4b149e57-13e3-4e03-8f43-246a07f8076f","remark":"","header":[{"name":"Content-Type","value":"application/json","remark":""}],"queryParam":[{"name":"gradeId","must":1,"remark":"年级ID"},{"name":"scholasticId","type":0,"must":1,"remark":"学业ID"},{"name":"classId","type":0,"must":0,"remark":"班级ID，为空则返回所有班级数据"}],"outParam":[{"name":"courseList","type":4,"remark":"","must":0,"mock":"","data":[{"name":"courseName","type":0,"remark":"课程名称","must":1,"mock":""}]},{"name":"studentList","type":4,"remark":"","must":1,"mock":"","data":[{"name":"studentId","type":0,"remark":"学生ID","must":1,"mock":""},{"name":"studentCode","type":0,"remark":"学生学号","must":1,"mock":""},{"name":"Sex","type":0,"remark":"性别","must":1,"mock":""},{"name":"className","type":0,"remark":"班级名称","must":1,"mock":""},{"name":"ScoreList","type":0,"remark":"成绩列表，顺序课程列表保持一致","must":1,"mock":""}]}],"outInfo":{"type":0,"rawRemark":"","rawMock":"","jsonType":0},"restParam":[],"example":[]}],"finish":0,"sort":0,"name":"获取成绩详情","url":"/diathesis/scholastic/detail","remark":"","method":"GET","id":"4b8a4570-5066-11e9-be4c-0184e407818b"}]},{"name":"学科成绩录入","type":0,"id":"90920910-5056-11e9-be4c-0184e407818b","data":[{"param":[{"before":{"mode":0,"code":""},"after":{"mode":0,"code":""},"name":"参数","id":"abe4fac8-acbc-4d3f-9a78-dac15e97ff0d","remark":"","header":[{"name":"Content-Type","value":"multipart/form-data","remark":""}],"queryParam":[],"bodyParam":[],"bodyInfo":{"type":0,"rawType":0,"rawTextRemark":"","rawFileRemark":"","rawText":""},"outParam":[],"outInfo":{"type":0,"rawRemark":"","rawMock":"","jsonType":0},"restParam":[],"example":[]}],"finish":1,"sort":0,"name":"学科成绩Excel导入","url":"/webuploader/upload","remark":"","method":"POST","id":"74d68fb0-50fc-11e9-be4c-0184e407818b"},{"param":[{"before":{"mode":0,"code":""},"after":{"mode":0,"code":""},"name":"参数","id":"5b1b41e5-e101-4041-8d69-855dff0e11bf","remark":"","header":[{"name":"Content-Type","value":"application/x-www-form-urlencoded","remark":""}],"queryParam":[{"name":"gradeId","must":1,"remark":""}],"bodyParam":[],"bodyInfo":{"type":0,"rawType":0,"rawTextRemark":"","rawFileRemark":"","rawText":""},"outParam":[],"outInfo":{"type":1,"rawRemark":"templete","rawMock":"","jsonType":0},"restParam":[],"example":[]}],"finish":0,"sort":0,"name":"学科成绩导入模版下载","url":"/diathesis/subject/templete","remark":"","method":"POST","id":"527673b0-506e-11e9-be4c-0184e407818b"},{"param":[{"before":{"mode":0,"code":""},"after":{"mode":0,"code":""},"name":"参数","id":"ae36a09e-49be-4e0c-aeef-eda8e83814d2","remark":"","header":[],"queryParam":[],"outParam":[{"name":"gradeList","type":4,"remark":"年级列表","must":1,"mock":"","data":[{"name":"gradeId","type":0,"remark":"年级ID","must":1,"mock":""},{"name":"gradeName","type":0,"remark":"年级名称","must":1,"mock":""},{"name":"level","type":0,"remark":"年级级别","must":1,"mock":""},{"name":"semester","type":0,"remark":"学期","must":1,"mock":""},{"name":"scoreList","type":4,"remark":"成绩名称","must":1,"mock":"","data":[{"name":"scoreId","type":0,"remark":"成绩ID","must":1,"mock":""},{"name":"scoreType","type":0,"remark":"成绩类型","must":1,"mock":""},{"name":"scoreName","type":0,"remark":"成绩名称","must":1,"mock":""},{"name":"importTime","type":0,"remark":"导入时间","must":1,"mock":""}]}]}],"outInfo":{"type":0,"rawRemark":"","rawMock":"","jsonType":0},"restParam":[],"example":[]}],"finish":0,"sort":0,"name":"获取学科成绩年级列表","url":"/diathesis/subject/gradeList","remark":"","method":"GET","id":"fac75670-5059-11e9-be4c-0184e407818b"},{"param":[{"before":{"mode":0,"code":""},"after":{"mode":0,"code":""},"name":"参数","id":"93ec2ce6-344c-4f29-9230-770bc21dc8ad","remark":"","header":[{"name":"Content-Type","value":"application/x-www-form-urlencoded","remark":""}],"queryParam":[{"name":"gradeId","must":1,"remark":"年级ID","value":{"type":0,"data":[],"status":""}},{"name":"semester","type":0,"must":1,"remark":"学期"},{"name":"scoreType","type":0,"must":1,"remark":"成绩类型"},{"name":"classId","type":0,"must":0,"remark":"班级ID"}],"bodyParam":[],"bodyInfo":{"type":0,"rawType":0,"rawTextRemark":"","rawFileRemark":"","rawText":""},"outParam":[{"name":"scoreList","type":4,"remark":"成绩列表","must":0,"mock":"","data":[{"name":"studentList","type":4,"remark":"学生列表","must":1,"mock":"","data":[{"name":"studentId","type":0,"remark":"学生ID","must":1,"mock":""},{"name":"studenttCode","type":0,"remark":"学生学号","must":1,"mock":""},{"name":"Sex","type":0,"remark":"学生性别","must":1,"mock":""},{"name":"className","type":0,"remark":"班级名称","must":1,"mock":""},{"name":"scoreList","type":3,"remark":"科目分值列表，顺序与名称列表相对应","must":1,"mock":"","data":[]}]},{"name":"courseList","type":3,"remark":"科目名称列表","must":1,"mock":"","data":[]}]}],"outInfo":{"type":0,"rawRemark":"","rawMock":"","jsonType":0},"restParam":[],"example":[]}],"finish":0,"sort":0,"name":"获取学科成绩详情","url":"/diathesis/subject/detail","remark":"","method":"POST","id":"2e2f2b40-505b-11e9-be4c-0184e407818b"},{"param":[{"before":{"mode":0,"code":""},"after":{"mode":0,"code":""},"name":"参数","id":"ebaf78e8-9b8b-4715-b9d5-a22f64018bca","remark":"","header":[{"name":"Content-Type","value":"application/json","remark":""}],"queryParam":[{"name":"gradeId","must":1,"remark":"年级ID"}],"outParam":[{"name":"classList","type":4,"remark":"班级列表","must":1,"mock":"","data":[{"name":"classId","type":0,"remark":"班级ID","must":1,"mock":""},{"name":"className","type":0,"remark":"班级名称","must":1,"mock":""}]}],"outInfo":{"type":0,"rawRemark":"","rawMock":"","jsonType":0},"restParam":[],"example":[]}],"finish":0,"sort":0,"name":"获取指定年级下班级列表","url":"/diathesis/classList","remark":"","method":"GET","id":"d5bc7fd0-505a-11e9-be4c-0184e407818b"}]},{"name":"综合素质分录入","type":0,"id":"7ff0e210-5066-11e9-be4c-0184e407818b","data":[{"param":[{"before":{"mode":0,"code":""},"after":{"mode":0,"code":""},"name":"参数","id":"5bc36295-d16a-484a-a0ee-f2f7fe0adbfa","remark":"","header":[],"queryParam":[{"name":"classId","must":1,"remark":""},{"name":"studentId","type":0,"must":1,"remark":""}],"outParam":[{"name":"diathesisList","type":4,"remark":"","must":0,"mock":"","data":[{"name":"diathesisId","type":0,"remark":"","must":1,"mock":""},{"name":"diathesisName","type":0,"remark":"","must":1,"mock":""},{"name":"secondList","type":4,"remark":"二级指标列表","must":1,"mock":"","data":[{"name":"secondId","type":0,"remark":"","must":1,"mock":""},{"name":"secondName","type":0,"remark":"","must":1,"mock":""},{"name":"thirdList","type":4,"remark":"三级指标列表","must":1,"mock":"","data":[{"name":"thirdId","type":0,"remark":"","must":1,"mock":""},{"name":"thirdName","type":0,"remark":"","must":1,"mock":""},{"name":"scoreList","type":3,"remark":"按自评，家长，互评，导师，班主任的顺序，没有则为“NULL”","must":1,"mock":"","data":[]}]}]}]}],"outInfo":{"type":0,"rawRemark":"","rawMock":"","jsonType":0},"restParam":[],"example":[]}],"finish":0,"sort":0,"name":"综合素质分学生详情","url":"/diathesis/comprehensive/quality/student/detail","remark":"","method":"GET","id":"53a9caf0-506b-11e9-be4c-0184e407818b"},{"param":[{"before":{"mode":0,"code":""},"after":{"mode":0,"code":""},"name":"参数","id":"51431e87-ce5d-4a54-a828-f0d24d5202c4","remark":"","header":[{"name":"Content-Type","value":"application/json","remark":""}],"queryParam":[],"outParam":[{"name":"gradeList","type":4,"remark":"","must":0,"mock":"","data":[{"name":"gradeId","type":0,"remark":"年级ID","must":1,"mock":""},{"name":"gradeName","type":0,"remark":"年级名称","must":1,"mock":""},{"name":"level","type":0,"remark":"年级级别","must":1,"mock":""},{"name":"semester","type":0,"remark":"学期","must":1,"mock":""},{"name":"typeList","type":4,"remark":"","must":1,"mock":"","data":[{"name":"typeId","type":0,"remark":"类别ID","must":1,"mock":""},{"name":"typeName","type":0,"remark":"类别名称","must":1,"mock":""},{"name":"logTime","type":0,"remark":"录入时间","must":1,"mock":""}]}]}],"outInfo":{"type":0,"rawRemark":"","rawMock":"","jsonType":0},"restParam":[],"example":[]}],"finish":0,"sort":0,"name":"综合素质分录入年级列表","url":"/diathesis/comprehensive/quality","remark":"","method":"GET","id":"4b7ee8e0-5068-11e9-be4c-0184e407818b"},{"param":[{"before":{"mode":0,"code":""},"after":{"mode":0,"code":""},"name":"参数","id":"dab8d6b2-3df5-4c92-8d44-f165c92b4d50","remark":"","header":[],"queryParam":[{"name":"gradeId","must":1,"remark":"年级ID"}],"outParam":[{"name":"classList","type":4,"remark":"","must":1,"mock":"","data":[{"name":"classId","type":0,"remark":"班级ID","must":1,"mock":""},{"name":"className","type":0,"remark":"班级名称","must":1,"mock":""},{"name":"studentList","type":4,"remark":"","must":0,"mock":"","data":[{"name":"studentId","type":0,"remark":"学生ID","must":1,"mock":""},{"name":"studentName","type":0,"remark":"学生姓名","must":1,"mock":""}]}]}],"outInfo":{"type":0,"rawRemark":"","rawMock":"","jsonType":0},"restParam":[],"example":[]}],"finish":0,"sort":0,"name":"综合素质水平录入班级-学生树","url":"/diathesis/comprehensive/quality/class/student","remark":"","method":"GET","id":"d80fc0d0-5069-11e9-be4c-0184e407818b"}]},{"name":"项目设置","type":0,"id":"28e800d0-505b-11e9-be4c-0184e407818b","data":[{"param":[{"before":{"mode":0,"code":""},"after":{"mode":0,"code":""},"name":"参数","id":"5a3ba1eb-1257-49e6-9c2a-26bc2c62ef05","remark":"","header":[{"name":"Content-Type","value":"application/json","remark":"","bodyInfo":{"type":0,"rawType":0,"rawTextRemark":"","rawFileRemark":"","rawText":"","rawJSON":[],"rawJSONType":0}}],"queryParam":[],"bodyParam":[],"bodyInfo":{"type":1,"rawType":2,"rawTextRemark":"","rawFileRemark":"","rawText":"","rawJSONType":0,"rawJSON":[{"name":"sort_number","must":1,"type":1,"remark":"排序号","mock":"1","drag":1,"show":0,"value":{"type":0,"status":"","data":[{"value":"1","remark":""}]}},{"name":"projectName","must":1,"type":0,"remark":"类目名字","mock":"学业水平","drag":1,"show":0,"value":{"type":0,"status":"","data":[{"value":"学业水平","remark":""}]}}]},"outParam":[{"name":"code","type":0,"remark":"","must":1,"mock":"-1"},{"name":"msg","type":0,"remark":"","must":1,"mock":"保存失败"}],"outInfo":{"type":0,"rawRemark":"","rawMock":"","jsonType":0},"restParam":[],"example":[]}],"finish":0,"sort":0,"name":"一级类目新增","url":"/diathesis/project/addTopProject","remark":"","method":"POST","id":"55af5890-5063-11e9-be4c-0184e407818b"},{"param":[{"before":{"mode":0,"code":""},"after":{"mode":0,"code":""},"name":"参数","id":"d5343141-d362-4372-b8d4-13c812ff2d91","remark":"","header":[{"name":"Content-Type","value":"application/json","remark":""}],"queryParam":[],"bodyParam":[],"bodyInfo":{"type":1,"rawType":2,"rawTextRemark":"","rawFileRemark":"","rawText":"","rawJSONType":1,"rawJSON":[{"name":"0","must":1,"type":4,"remark":"","data":[{"name":"id","must":1,"type":0,"remark":"类目id","mock":"303BCCB46A3A44DAA69C1851C876B7C0","drag":1,"show":0,"value":{"type":0,"status":"","data":[{"value":"303BCCB46A3A44DAA69C1851C876B7C0","remark":""}]}},{"name":"parentId","must":1,"type":0,"remark":"父id","mock":"503BCCB46A3A44DAA69C1851C876B7C1","drag":1,"show":0,"value":{"type":0,"status":"","data":[{"value":"503BCCB46A3A44DAA69C1851C876B7C1","remark":""}]}},{"name":"projectName","must":1,"type":0,"remark":"类目名称","mock":"学业水平","drag":1,"show":0,"value":{"type":0,"status":"","data":[{"value":"学业水平","remark":""}]}},{"name":"evaluationTypes","must":1,"type":3,"remark":"评价类型","data":[{"name":null,"must":1,"type":0,"remark":"","mock":"1","drag":1,"show":0,"value":{"type":0,"status":"","data":[{"value":"1","remark":""}]}},{"name":null,"must":1,"type":0,"remark":"","mock":"3","drag":1,"show":0,"value":{"type":0,"status":"","data":[{"value":"3","remark":""}]}}],"mock":"","drag":1,"show":0},{"name":"proportions","must":1,"type":3,"remark":"评价分占比","data":[{"name":null,"must":1,"type":0,"remark":"","mock":"20","drag":1,"show":0,"value":{"type":0,"status":"","data":[{"value":"20","remark":""}]}},{"name":null,"must":1,"type":0,"remark":"","mock":"20","drag":1,"show":0,"value":{"type":0,"status":"","data":[{"value":"20","remark":""}]}},{"name":null,"must":1,"type":0,"remark":"","mock":"60","drag":1,"show":0,"value":{"type":0,"status":"","data":[{"value":"60","remark":""}]}}],"mock":"","drag":1,"show":0},{"name":"remark","must":1,"type":0,"remark":"备注","mock":"备注内容","drag":1,"show":0,"value":{"type":0,"status":"","data":[{"value":"备注内容","remark":""}]}}],"mock":"","drag":1,"show":1}]},"outParam":[{"name":"code","type":0,"remark":"","must":1,"mock":"200"},{"name":"msg","type":0,"remark":"","must":1,"mock":"保存成功"}],"outInfo":{"type":0,"rawRemark":"","rawMock":"","jsonType":0},"restParam":[],"example":[]}],"finish":0,"sort":0,"name":"保存项目设置","url":"/diathesis/setting/savdProject","remark":"","method":"POST","id":"71032780-5062-11e9-be4c-0184e407818b"},{"param":[{"before":{"mode":0,"code":""},"after":{"mode":0,"code":""},"name":"参数","id":"77bea7cf-034b-41eb-bf8b-50f58a59a39b","remark":"","header":[],"queryParam":[{"name":"projectId","must":1,"remark":"一级类目Id"}],"outParam":[{"name":null,"type":4,"remark":"","must":0,"mock":"","data":[{"name":"id","type":0,"remark":"类目id","must":0,"mock":"\"303BCCB46A3A44DAA69C1851C876B7C0\""},{"name":"projectName","type":0,"remark":"类目名称","must":0,"mock":"\"学业水平\""},{"name":"parentId","type":0,"remark":"父id","must":0,"mock":"\"503BCCB46A3A44DAA69C1851C876B7C1\""},{"name":"evaluationTypes","type":3,"remark":"评价类型","must":0,"mock":"[\"1\",\"3\"]","data":[{"name":null,"type":0,"remark":"","must":1,"mock":""},{"name":null,"type":0,"remark":"","must":1,"mock":""}]},{"name":"evaluationTypesMap","type":5,"remark":"评价类型map","must":0,"mock":"{\"1\":\"学生互评\",\"2\":\"学生自评\",\"3\":\"家长评价\"}"},{"name":"proportions","type":3,"remark":"评价分占比","must":0,"mock":"[\"20\",\"20\",\"60\"]","data":[]},{"name":"remark","type":0,"remark":"备注","must":0,"mock":"“this is remark”"}]}],"outInfo":{"type":0,"rawRemark":"","rawMock":"","jsonType":1},"restParam":[],"example":[]}],"finish":0,"sort":1,"name":"查询一级类目下的所有二级和三级项目列表","url":"/diathesis/project/findNotTopProject","remark":"","method":"GET","id":"7b0d51e0-505a-11e9-be4c-0184e407818b"},{"param":[{"before":{"mode":0,"code":""},"after":{"mode":0,"code":""},"name":"参数","id":"4fb7d4ef-e447-41b4-a98f-9e94181f7696","remark":"","header":[],"queryParam":[{"name":"unitId","must":1,"remark":""}],"outParam":[{"name":null,"type":4,"remark":"","must":0,"mock":"","data":[{"name":"id","type":0,"remark":"类目id","must":1,"mock":"\"303BCCB46A3A44DAA69C1851C876B7C0\""},{"name":"projectName","type":0,"remark":"类目名称","must":1,"mock":"\"学业水平\""}]}],"outInfo":{"type":0,"rawRemark":"","rawMock":"","jsonType":1},"restParam":[],"example":[]}],"finish":0,"sort":0,"name":"查询一级类目列表","url":"/diathesis/project/findTopProject","remark":"","method":"GET","id":"12e22500-505a-11e9-be4c-0184e407818b"},{"param":[{"before":{"mode":0,"code":""},"after":{"mode":0,"code":""},"name":"参数","id":"992fcca7-30d7-4990-8647-0619132b3aab","remark":"","header":[],"queryParam":[{"name":"projectId","must":0,"remark":"一级类目id"}],"outParam":[{"name":null,"type":4,"remark":"","must":0,"mock":"","data":[{"name":"id","type":0,"remark":"写实类目id","must":1,"mock":"\"303BCCB46A3A44DAA69C1851C876B7C4\""},{"name":"projectName","type":0,"remark":"类目名称","must":1,"mock":"\"学业水平\""},{"name":"inputTypes","type":3,"remark":"录入人类型","must":0,"mock":"[\"1\",\"2\"]","data":[]},{"name":"auditorypes","type":3,"remark":"审核人类型","must":0,"mock":"[\"1\",\"2\"]","data":[]},{"name":"peopleMap","type":5,"remark":"评价人，录入人类型map","must":0,"mock":"{\"0\":\"学生本人\",\"1\":\"班主任\",\"2\":\"年级组长\"}"},{"name":"recordItems","type":4,"remark":"写实记录","must":0,"mock":"","data":[{"name":"id","type":0,"remark":"列标题id","must":1,"mock":"\"503BCCB46A3A44DAA69C1851C876B7C4\""},{"name":"isShow","type":2,"remark":"是否展示","must":1,"mock":"true"},{"name":"dataType","type":0,"remark":"数据类型","must":1,"mock":"\"1\""},{"name":"title","type":0,"remark":"字段名称","must":1,"mock":"\"title\""},{"name":"colNo","type":1,"remark":"行号","must":1,"mock":"2"},{"name":"option","type":3,"remark":"选项","must":1,"mock":"","data":[{"name":null,"type":4,"remark":"","must":1,"mock":"","data":[{"name":"id","type":0,"remark":"选项值id","must":1,"mock":"\"P03BCCB46A3A44DAA69C1851C876B7C4\""},{"name":"contentTxt","type":0,"remark":"选项内容","must":1,"mock":"\"一等奖\""}]}]}]}]}],"outInfo":{"type":0,"rawRemark":"","rawMock":"","jsonType":1},"restParam":[],"example":[]}],"finish":0,"sort":0,"name":"查询写实记录设置","url":"/diathesis/setting/findRecord","remark":"","method":"GET","id":"4f527200-505b-11e9-be4c-0184e407818b"},{"param":[{"before":{"mode":0,"code":""},"after":{"mode":0,"code":""},"name":"参数","id":"79e987c3-8535-4cac-b5e4-e6b237657d56","remark":"","header":[],"queryParam":[{"name":"projectId","must":1,"remark":"要删除的一级类目id"}],"outParam":[{"name":"code","type":0,"remark":"","must":1,"mock":"-1"},{"name":"msg","type":0,"remark":"","must":1,"mock":"保存失败"}],"outInfo":{"type":0,"rawRemark":"","rawMock":"","jsonType":0},"restParam":[],"example":[]}],"finish":0,"sort":0,"name":"类目删除","url":"/diathesis/project/deleteTopProject","remark":"","method":"DELETE","id":"e0b1bdc0-5063-11e9-be4c-0184e407818b"}]}]}